match_key,div,league,season,date,kickoff_utc,home,away,hg,ag,home_xg,away_xg,home_npxg,away_npxg,home_ppda,away_ppda,home_deep,away_deep,home_xpts,away_xpts,mapped
D1|2020-09-18|Bayern Munich|Schalke 04,D1,Bundesliga,2020,2020-09-18,2020-09-18 18:30:00,Bayern Munich,Schalke 04,8,0,4.62088,0.14975,3.86311,0.14975,6.3438,25.3333,24,3,2.989,0.0063999999999999994,1
D1|2020-09-19|Ein Frankfurt|Bielefeld,D1,Bundesliga,2020,2020-09-19,2020-09-19 13:30:00,Ein Frankfurt,Bielefeld,1,1,2.46928,0.618787,2.46928,0.618787,6.7692,12.4400,9,2,2.652,0.23220000000000002,1
D1|2020-09-19|FC Koln|Hoffenheim,D1,Bundesliga,2020,2020-09-19,2020-09-19 13:30:00,FC Koln,Hoffenheim,2,3,2.40801,2.9032,2.40801,2.14542,11.9130,11.5417,5,10,0.9889,1.7581000000000002,1
D1|2020-09-19|Stuttgart|Freiburg,D1,Bundesliga,2020,2020-09-19,2020-09-19 13:30:00,Stuttgart,Freiburg,2,3,2.15741,2.07011,2.15741,2.07011,7.6190,12.1111,12,4,1.4088,1.3491,1
D1|2020-09-19|Union Berlin|Augsburg,D1,Bundesliga,2020,2020-09-19,2020-09-19 13:30:00,Union Berlin,Augsburg,1,3,1.04515,1.42046,1.04515,1.42046,13.2222,21.2500,1,0,1.0171999999999999,1.6946,1
D1|2020-09-19|Werder Bremen|Hertha,D1,Bundesliga,2020,2020-09-19,2020-09-19 13:30:00,Werder Bremen,Hertha,1,4,0.495892,2.05406,0.495892,2.05406,12.0909,4.7941,6,3,0.3489,2.4869999999999997,1
D1|2020-09-19|Dortmund|M'gladbach,D1,Bundesliga,2020,2020-09-19,2020-09-19 16:30:00,Dortmund,M'gladbach,3,0,1.70398,0.510293,0.9462,0.510293,28.7692,12.1000,7,5,2.4147,0.3822,1
D1|2020-09-20|RB Leipzig|Mainz,D1,Bundesliga,2020,2020-09-20,2020-09-20 13:30:00,RB Leipzig,Mainz,3,1,3.22891,1.07201,2.47113,1.07201,6.1852,29.5882,14,2,2.634,0.2547,1
D1|2020-09-20|Wolfsburg|Leverkusen,D1,Bundesliga,2020,2020-09-20,2020-09-20 16:00:00,Wolfsburg,Leverkusen,0,0,1.27652,0.441229,1.27652,0.441229,11.6452,11.8750,7,8,2.1488,0.5738,1
D1|2020-09-25|Hertha|Ein Frankfurt,D1,Bundesliga,2020,2020-09-25,2020-09-25 18:30:00,Hertha,Ein Frankfurt,1,3,1.55994,1.62111,1.55994,0.863333,13.4375,15.8000,3,6,1.3124,1.3924999999999998,1
D1|2020-09-26|Augsburg|Dortmund,D1,Bundesliga,2020,2020-09-26,2020-09-26 13:30:00,Augsburg,Dortmund,2,0,1.44779,1.5267,1.44779,1.5267,27.9412,5.0455,2,13,1.3245,1.4024999999999999,1
D1|2020-09-26|Bielefeld|FC Koln,D1,Bundesliga,2020,2020-09-26,2020-09-26 13:30:00,Bielefeld,FC Koln,1,0,0.163242,1.3741,0.163242,1.3741,10.9583,13.0952,1,10,0.25539999999999996,2.5636,1
D1|2020-09-26|Leverkusen|RB Leipzig,D1,Bundesliga,2020,2020-09-26,2020-09-26 13:30:00,Leverkusen,RB Leipzig,1,1,0.91247,1.20453,0.91247,1.20453,6.7742,12.4828,5,3,1.0813,1.5939999999999999,1
D1|2020-09-26|M'gladbach|Union Berlin,D1,Bundesliga,2020,2020-09-26,2020-09-26 13:30:00,M'gladbach,Union Berlin,1,1,1.47627,0.771461,1.47627,0.771461,11.0526,14.1786,1,3,1.9594,0.7774,1
D1|2020-09-26|Mainz|Stuttgart,D1,Bundesliga,2020,2020-09-26,2020-09-26 13:30:00,Mainz,Stuttgart,1,4,1.04484,2.9689,1.04484,2.9689,11.2609,9.8846,3,8,0.2614,2.6167000000000002,1
D1|2020-09-26|Schalke 04|Werder Bremen,D1,Bundesliga,2020,2020-09-26,2020-09-26 16:30:00,Schalke 04,Werder Bremen,1,3,1.67597,3.10437,1.67597,2.34668,3.9545,9.4688,3,4,0.4914,2.3402999999999996,1
D1|2020-09-27|Hoffenheim|Bayern Munich,D1,Bundesliga,2020,2020-09-27,2020-09-27 13:30:00,Hoffenheim,Bayern Munich,4,1,2.52339,1.17311,1.76562,1.17311,13.1154,5.8235,6,11,2.3054,0.5204,1
D1|2020-09-27|Freiburg|Wolfsburg,D1,Bundesliga,2020,2020-09-27,2020-09-27 16:00:00,Freiburg,Wolfsburg,1,1,0.92465,0.413442,0.92465,0.413442,7.8333,11.1739,2,6,1.7935,0.8338,1
D1|2020-10-02|Union Berlin|Mainz,D1,Bundesliga,2020,2020-10-02,2020-10-02 18:30:00,Union Berlin,Mainz,4,0,2.07145,0.189144,2.07145,0.189144,11.0769,13.3478,1,2,2.7237000000000005,0.1653,1
D1|2020-10-03|Dortmund|Freiburg,D1,Bundesliga,2020,2020-10-03,2020-10-03 13:30:00,Dortmund,Freiburg,4,0,2.82762,0.445096,2.82762,0.445096,8.2593,23.8571,15,0,2.8504,0.08710000000000001,1
D1|2020-10-03|Ein Frankfurt|Hoffenheim,D1,Bundesliga,2020,2020-10-03,2020-10-03 13:30:00,Ein Frankfurt,Hoffenheim,2,1,3.57344,0.769689,3.57344,0.769689,12.2727,17.6000,10,6,2.8804000000000003,0.0775,1
D1|2020-10-03|FC Koln|M'gladbach,D1,Bundesliga,2020,2020-10-03,2020-10-03 13:30:00,FC Koln,M'gladbach,1,3,0.244959,2.0629,0.244959,1.30512,12.9375,7.0625,2,12,0.1627,2.734,1
D1|2020-10-03|Stuttgart|Leverkusen,D1,Bundesliga,2020,2020-10-03,2020-10-03 13:30:00,Stuttgart,Leverkusen,1,1,0.799979,1.69772,0.799979,1.69772,12.4348,7.9000,5,4,0.6615,2.1,1
D1|2020-10-03|Werder Bremen|Bielefeld,D1,Bundesliga,2020,2020-10-03,2020-10-03 13:30:00,Werder Bremen,Bielefeld,1,0,0.346071,1.02247,0.346071,1.02247,20.5789,7.7000,5,7,0.6454,2.029,1
D1|2020-10-03|RB Leipzig|Schalke 04,D1,Bundesliga,2020,2020-10-03,2020-10-03 16:30:00,RB Leipzig,Schalke 04,4,0,3.25836,0.215209,2.50059,0.215209,4.0408,42.6667,10,0,2.9385,0.0363,1
D1|2020-10-04|Wolfsburg|Augsburg,D1,Bundesliga,2020,2020-10-04,2020-10-04 13:30:00,Wolfsburg,Augsburg,0,0,1.31989,1.80757,1.31989,1.80757,6.2759,15.1250,7,4,0.9296,1.8152,1
D1|2020-10-04|Bayern Munich|Hertha,D1,Bundesliga,2020,2020-10-04,2020-10-04 16:00:00,Bayern Munich,Hertha,4,3,3.99311,1.24509,3.23533,1.24509,4.1316,12.1739,11,1,2.815,0.1261,1
D1|2020-10-17|Augsburg|RB Leipzig,D1,Bundesliga,2020,2020-10-17,2020-10-17 13:30:00,Augsburg,RB Leipzig,0,2,0.550472,2.39694,0.550472,2.39694,23.4667,6.2222,1,19,0.21439999999999998,2.6708,1
D1|2020-10-17|Freiburg|Werder Bremen,D1,Bundesliga,2020,2020-10-17,2020-10-17 13:30:00,Freiburg,Werder Bremen,1,1,1.05894,1.6646,1.05894,0.90682,9.0476,13.5217,14,2,0.8603000000000001,1.8842000000000003,1
D1|2020-10-17|Hertha|Stuttgart,D1,Bundesliga,2020,2020-10-17,2020-10-17 13:30:00,Hertha,Stuttgart,0,2,1.42805,1.40822,1.42805,1.40822,5.4000,13.1600,10,1,1.3388,1.3673,1
D1|2020-10-17|Hoffenheim|Dortmund,D1,Bundesliga,2020,2020-10-17,2020-10-17 13:30:00,Hoffenheim,Dortmund,0,1,0.877373,1.84829,0.877373,1.84829,13.6250,10.9615,3,15,0.6643000000000001,2.1073,1
D1|2020-10-17|Mainz|Leverkusen,D1,Bundesliga,2020,2020-10-17,2020-10-17 13:30:00,Mainz,Leverkusen,0,1,0.214962,0.454109,0.214962,0.454109,8.6818,14.5333,3,2,0.9396,1.5036,1
D1|2020-10-17|Bielefeld|Bayern Munich,D1,Bundesliga,2020,2020-10-17,2020-10-17 16:30:00,Bielefeld,Bayern Munich,1,4,1.21235,3.29447,1.21235,3.29447,34.6667,7.4333,4,16,0.27149999999999996,2.6202,1
D1|2020-10-17|M'gladbach|Wolfsburg,D1,Bundesliga,2020,2020-10-17,2020-10-17 18:30:00,M'gladbach,Wolfsburg,1,1,2.11077,1.34469,1.353,1.34469,8.1333,9.3704,6,4,1.9847000000000001,0.7898000000000001,1
D1|2020-10-18|FC Koln|Ein Frankfurt,D1,Bundesliga,2020,2020-10-18,2020-10-18 13:30:00,FC Koln,Ein Frankfurt,1,1,1.41695,1.54892,1.41695,0.791147,7.5294,8.8095,4,10,1.2263000000000002,1.4692999999999998,1
D1|2020-10-18|Schalke 04|Union Berlin,D1,Bundesliga,2020,2020-10-18,2020-10-18 16:00:00,Schalke 04,Union Berlin,1,1,0.250814,0.831403,0.250814,0.831403,12.8000,21.3333,1,2,0.6699999999999999,1.9447,1
D1|2020-10-23|Stuttgart|FC Koln,D1,Bundesliga,2020,2020-10-23,2020-10-23 18:30:00,Stuttgart,FC Koln,1,1,0.722179,2.37516,0.722179,1.61738,11.9474,16.9048,4,3,0.28569999999999995,2.581,1
D1|2020-10-24|Bayern Munich|Ein Frankfurt,D1,Bundesliga,2020,2020-10-24,2020-10-24 13:30:00,Bayern Munich,Ein Frankfurt,5,0,3.80823,0.429229,3.80823,0.429229,10.0000,16.9091,12,1,2.92,0.049600000000000005,1
D1|2020-10-24|Mainz|M'gladbach,D1,Bundesliga,2020,2020-10-24,2020-10-24 13:30:00,Mainz,M'gladbach,2,3,1.90042,3.07629,1.90042,2.31851,13.8966,6.0645,13,7,0.6876000000000001,2.1282,1
D1|2020-10-24|RB Leipzig|Hertha,D1,Bundesliga,2020,2020-10-24,2020-10-24 13:30:00,RB Leipzig,Hertha,2,1,2.68523,0.802136,1.92745,0.802136,5.8500,9.3333,18,6,2.602,0.27549999999999997,1
D1|2020-10-24|Union Berlin|Freiburg,D1,Bundesliga,2020,2020-10-24,2020-10-24 13:30:00,Union Berlin,Freiburg,1,1,1.28488,0.271576,1.28488,0.271576,13.8235,10.6364,1,1,2.3454,0.4065,1
D1|2020-10-24|Dortmund|Schalke 04,D1,Bundesliga,2020,2020-10-24,2020-10-24 16:30:00,Dortmund,Schalke 04,3,0,1.48384,0.236172,1.48384,0.236172,9.2941,18.0769,16,1,2.3977999999999997,0.3752,1
D1|2020-10-25|Wolfsburg|Bielefeld,D1,Bundesliga,2020,2020-10-25,2020-10-25 14:30:00,Wolfsburg,Bielefeld,2,1,2.77748,0.664903,2.77748,0.664903,13.3478,10.7143,12,3,2.6752000000000002,0.2212,1
D1|2020-10-25|Werder Bremen|Hoffenheim,D1,Bundesliga,2020,2020-10-25,2020-10-25 17:00:00,Werder Bremen,Hoffenheim,1,1,0.229596,0.870978,0.229596,0.870978,16.0625,12.9130,1,5,0.6536,1.9522999999999997,1
D1|2020-10-26|Leverkusen|Augsburg,D1,Bundesliga,2020,2020-10-26,2020-10-26 19:30:00,Leverkusen,Augsburg,3,1,2.6291,0.342366,1.87132,0.342366,7.5000,19.8800,6,3,2.8524,0.0906,1
D1|2020-10-30|Schalke 04|Stuttgart,D1,Bundesliga,2020,2020-10-30,2020-10-30 19:30:00,Schalke 04,Stuttgart,1,1,0.726659,1.56968,0.726659,0.81198,8.9310,6.9268,2,10,0.6262,2.1004,1
D1|2020-10-31|Augsburg|Mainz,D1,Bundesliga,2020,2020-10-31,2020-10-31 14:30:00,Augsburg,Mainz,3,1,1.78716,1.01141,1.78716,1.01141,16.6000,8.2000,6,5,2.0084,0.7301,1
D1|2020-10-31|Bielefeld|Dortmund,D1,Bundesliga,2020,2020-10-31,2020-10-31 14:30:00,Bielefeld,Dortmund,0,2,0.255813,2.75909,0.255813,2.75909,26.5000,7.5714,0,18,0.0945,2.847,1
D1|2020-10-31|Ein Frankfurt|Werder Bremen,D1,Bundesliga,2020,2020-10-31,2020-10-31 14:30:00,Ein Frankfurt,Werder Bremen,1,1,2.49235,0.733652,2.49235,0.733652,5.0385,31.1538,8,1,2.5349,0.32839999999999997,1
D1|2020-10-31|FC Koln|Bayern Munich,D1,Bundesliga,2020,2020-10-31,2020-10-31 14:30:00,FC Koln,Bayern Munich,1,2,0.681548,0.992927,0.681548,0.23515,28.8571,5.7500,2,9,0.9112,1.7206,1
D1|2020-10-31|M'gladbach|RB Leipzig,D1,Bundesliga,2020,2020-10-31,2020-10-31 17:30:00,M'gladbach,RB Leipzig,1,0,0.615287,0.695278,0.615287,0.695278,11.4643,10.0645,6,5,1.2427,1.3495,1
D1|2020-11-01|Freiburg|Leverkusen,D1,Bundesliga,2020,2020-11-01,2020-11-01 14:30:00,Freiburg,Leverkusen,2,4,1.18284,1.34088,1.18284,1.34088,22.4444,12.4211,4,5,1.242,1.4559,1
D1|2020-11-01|Hertha|Wolfsburg,D1,Bundesliga,2020,2020-11-01,2020-11-01 17:00:00,Hertha,Wolfsburg,1,1,1.25246,0.397923,1.25246,0.397923,12.4667,6.2353,5,7,2.0895,0.6228,1
D1|2020-11-02|Hoffenheim|Union Berlin,D1,Bundesliga,2020,2020-11-02,2020-11-02 19:30:00,Hoffenheim,Union Berlin,1,3,1.49329,3.66229,1.49329,2.90451,8.0000,19.2941,15,9,0.1995,2.7108000000000003,1
D1|2020-11-06|Werder Bremen|FC Koln,D1,Bundesliga,2020,2020-11-06,2020-11-06 19:30:00,Werder Bremen,FC Koln,1,1,1.35118,0.399372,0.5934,0.399372,5.7500,23.8333,6,2,2.2982,0.4541,1
D1|2020-11-07|Augsburg|Hertha,D1,Bundesliga,2020,2020-11-07,2020-11-07 14:30:00,Augsburg,Hertha,0,3,0.350601,2.51682,0.350601,1.75904,9.4242,13.5500,3,5,0.1264,2.7982,1
D1|2020-11-07|Mainz|Schalke 04,D1,Bundesliga,2020,2020-11-07,2020-11-07 14:30:00,Mainz,Schalke 04,2,2,3.36371,1.70687,1.84815,1.70687,10.5152,5.6087,9,12,2.4503999999999997,0.40800000000000003,1
D1|2020-11-07|RB Leipzig|Freiburg,D1,Bundesliga,2020,2020-11-07,2020-11-07 14:30:00,RB Leipzig,Freiburg,3,0,2.43212,0.577152,1.67443,0.577152,8.4615,15.8571,3,5,2.6726,0.21589999999999998,1
D1|2020-11-07|Stuttgart|Ein Frankfurt,D1,Bundesliga,2020,2020-11-07,2020-11-07 14:30:00,Stuttgart,Ein Frankfurt,2,2,2.0858,3.48931,1.32818,3.48931,9.8800,6.5769,10,10,0.5837000000000001,2.2535,1
D1|2020-11-07|Union Berlin|Bielefeld,D1,Bundesliga,2020,2020-11-07,2020-11-07 14:30:00,Union Berlin,Bielefeld,5,0,2.25166,0.259002,1.49388,0.259002,20.8947,29.6154,10,3,2.8089,0.1128,1
D1|2020-11-07|Dortmund|Bayern Munich,D1,Bundesliga,2020,2020-11-07,2020-11-07 17:30:00,Dortmund,Bayern Munich,2,3,2.30881,1.33621,2.30881,1.33621,12.0000,8.8824,9,7,2.0813,0.7124,1
D1|2020-11-08|Wolfsburg|Hoffenheim,D1,Bundesliga,2020,2020-11-08,2020-11-08 14:30:00,Wolfsburg,Hoffenheim,2,1,2.65255,2.63695,1.89478,1.87925,10.1250,7.5517,8,6,1.4257000000000002,1.3471000000000002,1
D1|2020-11-08|Leverkusen|M'gladbach,D1,Bundesliga,2020,2020-11-08,2020-11-08 17:00:00,Leverkusen,M'gladbach,4,3,1.53904,3.02085,1.53904,2.26308,8.3636,15.0000,9,2,0.46520000000000006,2.3708000000000005,1
D1|2020-11-21|Bayern Munich|Werder Bremen,D1,Bundesliga,2020,2020-11-21,2020-11-21 14:30:00,Bayern Munich,Werder Bremen,1,1,1.6736,1.63104,1.6736,1.63104,3.9091,16.6250,18,4,1.3699,1.3489,1
D1|2020-11-21|Bielefeld|Leverkusen,D1,Bundesliga,2020,2020-11-21,2020-11-21 14:30:00,Bielefeld,Leverkusen,1,2,0,1.32693,0,1.32693,22.8947,12.2000,1,7,0.1552,2.6895999999999995,1
D1|2020-11-21|Hoffenheim|Stuttgart,D1,Bundesliga,2020,2020-11-21,2020-11-21 14:30:00,Hoffenheim,Stuttgart,3,3,1.75486,1.45618,0.997085,1.45618,8.0256,6.4062,4,9,1.6286,1.1045,1
D1|2020-11-21|M'gladbach|Augsburg,D1,Bundesliga,2020,2020-11-21,2020-11-21 14:30:00,M'gladbach,Augsburg,1,1,1.70506,0.813971,1.70506,0.813971,10.1875,17.6316,9,5,2.0798,0.6671,1
D1|2020-11-21|Schalke 04|Wolfsburg,D1,Bundesliga,2020,2020-11-21,2020-11-21 14:30:00,Schalke 04,Wolfsburg,0,2,1.00376,2.66289,1.00376,2.66289,11.2857,5.7714,3,7,0.375,2.4795000000000003,1
D1|2020-11-21|Ein Frankfurt|RB Leipzig,D1,Bundesliga,2020,2020-11-21,2020-11-21 17:30:00,Ein Frankfurt,RB Leipzig,1,1,0.888746,0.911677,0.888746,0.911677,7.4318,7.8095,3,7,1.3321,1.3198,1
D1|2020-11-21|Hertha|Dortmund,D1,Bundesliga,2020,2020-11-21,2020-11-21 19:30:00,Hertha,Dortmund,2,5,1.20761,2.83449,0.449831,2.83449,10.7419,8.2188,3,11,0.39,2.4582,1
D1|2020-11-22|Freiburg|Mainz,D1,Bundesliga,2020,2020-11-22,2020-11-22 14:30:00,Freiburg,Mainz,1,3,1.47979,3.20461,1.47979,3.20461,12.1000,46.5556,8,7,0.4568,2.3978,1
D1|2020-11-22|FC Koln|Union Berlin,D1,Bundesliga,2020,2020-11-22,2020-11-22 17:00:00,FC Koln,Union Berlin,1,2,1.08472,1.89238,1.08472,1.00177,13.0000,11.8333,2,4,0.6547000000000001,2.0716,1
D1|2020-11-27|Wolfsburg|Werder Bremen,D1,Bundesliga,2020,2020-11-27,2020-11-27 19:30:00,Wolfsburg,Werder Bremen,5,3,1.53686,0.860897,1.53686,0.860897,9.4400,18.4211,12,4,1.9151999999999998,0.7857000000000001,1
D1|2020-11-28|Augsburg|Freiburg,D1,Bundesliga,2020,2020-11-28,2020-11-28 14:30:00,Augsburg,Freiburg,1,1,0.385539,0.470106,0.385539,0.470106,10.8571,16.9130,2,1,1.1507,1.3483999999999998,1
D1|2020-11-28|Dortmund|FC Koln,D1,Bundesliga,2020,2020-11-28,2020-11-28 14:30:00,Dortmund,FC Koln,1,2,2.76041,1.59253,2.76041,1.59253,5.5926,17.3333,17,2,2.205,0.5805,1
D1|2020-11-28|RB Leipzig|Bielefeld,D1,Bundesliga,2020,2020-11-28,2020-11-28 14:30:00,RB Leipzig,Bielefeld,2,1,2.84171,1.76313,2.08393,1.76313,9.6818,15.3810,9,7,2.1129,0.6924,1
D1|2020-11-28|Stuttgart|Bayern Munich,D1,Bundesliga,2020,2020-11-28,2020-11-28 14:30:00,Stuttgart,Bayern Munich,1,3,1.38666,0.889035,1.38666,0.889035,14.4783,7.3529,5,11,1.7673,0.9438,1
D1|2020-11-28|Union Berlin|Ein Frankfurt,D1,Bundesliga,2020,2020-11-28,2020-11-28 14:30:00,Union Berlin,Ein Frankfurt,3,3,1.95856,1.33746,1.20086,1.33746,17.1765,6.0312,4,7,1.8857,0.857,1
D1|2020-11-28|M'gladbach|Schalke 04,D1,Bundesliga,2020,2020-11-28,2020-11-28 17:30:00,M'gladbach,Schalke 04,4,1,3.15544,0.734533,3.15544,0.734533,9.3750,15.1739,10,8,2.7609999999999997,0.1618,1
D1|2020-11-29|Leverkusen|Hertha,D1,Bundesliga,2020,2020-11-29,2020-11-29 14:30:00,Leverkusen,Hertha,0,0,1.04196,0.517533,1.04196,0.517533,6.8750,12.2500,2,3,1.812,0.8397,1
D1|2020-11-29|Mainz|Hoffenheim,D1,Bundesliga,2020,2020-11-29,2020-11-29 17:00:00,Mainz,Hoffenheim,1,1,1.78391,1.1082,1.78391,1.1082,15.8636,5.6129,9,7,1.9154,0.8306,1
D1|2020-12-04|Hertha|Union Berlin,D1,Bundesliga,2020,2020-12-04,2020-12-04 19:30:00,Hertha,Union Berlin,3,1,0.768378,0.268079,0.768378,0.268079,5.7200,26.6875,4,4,1.8476,0.7403,1
D1|2020-12-05|Bielefeld|Mainz,D1,Bundesliga,2020,2020-12-05,2020-12-05 14:30:00,Bielefeld,Mainz,2,1,1.18485,2.54193,1.18485,2.54193,7.0526,9.5714,5,5,0.3863,2.4457999999999998,1
D1|2020-12-05|Ein Frankfurt|Dortmund,D1,Bundesliga,2020,2020-12-05,2020-12-05 14:30:00,Ein Frankfurt,Dortmund,1,1,0.847822,1.1385,0.847822,1.1385,12.6552,11.5263,3,11,1.0894000000000001,1.5904,1
D1|2020-12-05|FC Koln|Wolfsburg,D1,Bundesliga,2020,2020-12-05,2020-12-05 14:30:00,FC Koln,Wolfsburg,2,2,1.08565,1.90682,1.08565,1.90682,19.6111,8.7895,7,13,0.7538,2.0036,1
D1|2020-12-05|Freiburg|M'gladbach,D1,Bundesliga,2020,2020-12-05,2020-12-05 14:30:00,Freiburg,M'gladbach,2,2,4.02129,1.66853,3.26352,1.66853,13.1481,9.0000,3,5,2.6510000000000002,0.2513,1
D1|2020-12-05|Bayern Munich|RB Leipzig,D1,Bundesliga,2020,2020-12-05,2020-12-05 17:30:00,Bayern Munich,RB Leipzig,3,3,1.00047,1.56492,1.00047,1.56492,12.4737,23.0000,6,1,0.8611,1.8604,1
D1|2020-12-06|Werder Bremen|Stuttgart,D1,Bundesliga,2020,2020-12-06,2020-12-06 14:30:00,Werder Bremen,Stuttgart,1,2,0.647875,2.13261,0.647875,1.37483,8.3611,10.7931,4,5,0.2814,2.583,1
D1|2020-12-06|Schalke 04|Leverkusen,D1,Bundesliga,2020,2020-12-06,2020-12-06 17:00:00,Schalke 04,Leverkusen,0,3,1.22701,2.45305,0.426776,2.45305,11.8710,7.7000,4,7,0.5614,2.2354,1
D1|2020-12-07|Hoffenheim|Augsburg,D1,Bundesliga,2020,2020-12-07,2020-12-07 19:30:00,Hoffenheim,Augsburg,3,1,1.45954,0.793064,1.45954,0.793064,9.0357,20.0000,8,5,1.9301,0.8096,1
D1|2020-12-11|Wolfsburg|Ein Frankfurt,D1,Bundesliga,2020,2020-12-11,2020-12-11 19:30:00,Wolfsburg,Ein Frankfurt,2,1,2.81209,1.51392,2.05431,0.756303,7.6923,15.6429,12,6,2.3172,0.49650000000000005,1
D1|2020-12-12|Dortmund|Stuttgart,D1,Bundesliga,2020,2020-12-12,2020-12-12 14:30:00,Dortmund,Stuttgart,1,5,0.776004,3.07677,0.776004,2.319,5.8000,20.4444,18,4,0.1878,2.7201,1
D1|2020-12-12|Freiburg|Bielefeld,D1,Bundesliga,2020,2020-12-12,2020-12-12 14:30:00,Freiburg,Bielefeld,2,0,2.43027,0.238384,1.67265,0.238384,11.0968,11.8333,5,0,2.8303000000000003,0.1051,1
D1|2020-12-12|M'gladbach|Hertha,D1,Bundesliga,2020,2020-12-12,2020-12-12 14:30:00,M'gladbach,Hertha,1,1,1.35982,0.36509,1.35982,0.36509,10.6190,11.6500,6,4,2.276,0.47840000000000005,1
D1|2020-12-12|Mainz|FC Koln,D1,Bundesliga,2020,2020-12-12,2020-12-12 14:30:00,Mainz,FC Koln,0,1,1.26169,0.838955,1.26169,0.838955,9.7500,20.8000,8,0,1.7356,0.9598,1
D1|2020-12-12|RB Leipzig|Werder Bremen,D1,Bundesliga,2020,2020-12-12,2020-12-12 14:30:00,RB Leipzig,Werder Bremen,2,0,2.40107,0.599394,1.64329,0.599394,9.0286,17.9474,6,3,2.6331,0.2454,1
D1|2020-12-12|Union Berlin|Bayern Munich,D1,Bundesliga,2020,2020-12-12,2020-12-12 17:30:00,Union Berlin,Bayern Munich,1,1,1.08682,1.06474,1.08682,1.06474,29.3333,6.2083,1,7,1.3631,1.3262,1
D1|2020-12-13|Augsburg|Schalke 04,D1,Bundesliga,2020,2020-12-13,2020-12-13 14:30:00,Augsburg,Schalke 04,2,2,1.25437,1.90769,1.25437,1.90769,14.8500,5.7037,2,10,0.9052,1.8418,1
D1|2020-12-13|Leverkusen|Hoffenheim,D1,Bundesliga,2020,2020-12-13,2020-12-13 17:00:00,Leverkusen,Hoffenheim,4,1,2.12151,1.67451,1.36373,1.67451,9.5000,15.4815,9,4,1.7038000000000002,1.0513,1
D1|2020-12-15|Ein Frankfurt|M'gladbach,D1,Bundesliga,2020,2020-12-15,2020-12-15 17:30:00,Ein Frankfurt,M'gladbach,3,3,2.12722,1.14256,1.36945,0.384784,9.0882,5.6296,8,2,2.1698,0.5876,1
D1|2020-12-15|Hertha|Mainz,D1,Bundesliga,2020,2020-12-15,2020-12-15 19:30:00,Hertha,Mainz,0,0,0.490128,0.742962,0.490128,0.742962,5.2400,17.3182,7,4,0.9695,1.6328,1
D1|2020-12-15|Stuttgart|Union Berlin,D1,Bundesliga,2020,2020-12-15,2020-12-15 19:30:00,Stuttgart,Union Berlin,2,2,2.18597,1.01547,2.18597,1.01547,7.4000,12.5000,8,4,2.2760999999999996,0.5352,1
D1|2020-12-15|Werder Bremen|Dortmund,D1,Bundesliga,2020,2020-12-15,2020-12-15 19:30:00,Werder Bremen,Dortmund,1,2,0.14594,3.37771,0.14594,2.39074,14.8182,12.7391,3,11,0.0094,2.9827,1
D1|2020-12-16|Schalke 04|Freiburg,D1,Bundesliga,2020,2020-12-16,2020-12-16 17:30:00,Schalke 04,Freiburg,0,2,0.376573,1.15776,0.376573,1.15776,10.6000,12.2000,2,2,0.5988,2.1099,1
D1|2020-12-16|Bayern Munich|Wolfsburg,D1,Bundesliga,2020,2020-12-16,2020-12-16 19:30:00,Bayern Munich,Wolfsburg,2,1,1.26746,1.10816,1.26746,1.10816,5.9677,12.8182,6,6,1.4901,1.2237,1
D1|2020-12-16|Bielefeld|Augsburg,D1,Bundesliga,2020,2020-12-16,2020-12-16 19:30:00,Bielefeld,Augsburg,0,1,0.702085,0.370523,0.702085,0.370523,7.6897,8.5909,5,2,1.6159,0.9535,1
D1|2020-12-16|FC Koln|Leverkusen,D1,Bundesliga,2020,2020-12-16,2020-12-16 19:30:00,FC Koln,Leverkusen,0,4,0.251532,1.93376,0.251532,1.93376,18.0000,7.0000,1,11,0.2037,2.6670000000000003,1
D1|2020-12-16|Hoffenheim|RB Leipzig,D1,Bundesliga,2020,2020-12-16,2020-12-16 19:30:00,Hoffenheim,RB Leipzig,0,1,0.752599,0.476324,0.752599,0.476324,7.6429,12.6316,0,3,1.592,0.9844999999999999,1
D1|2020-12-18|Union Berlin|Dortmund,D1,Bundesliga,2020,2020-12-18,2020-12-18 19:30:00,Union Berlin,Dortmund,2,1,1.38214,1.1837,1.38214,1.1837,21.8947,5.2083,3,12,1.5573,1.1667,1
D1|2020-12-19|Augsburg|Ein Frankfurt,D1,Bundesliga,2020,2020-12-19,2020-12-19 14:30:00,Augsburg,Ein Frankfurt,0,2,1.44889,2.37301,1.44889,2.37301,11.6364,8.6957,5,6,0.8,1.9979,1
D1|2020-12-19|M'gladbach|Hoffenheim,D1,Bundesliga,2020,2020-12-19,2020-12-19 14:30:00,M'gladbach,Hoffenheim,1,2,2.12823,2.28754,1.37062,2.28754,12.2800,8.0286,3,8,1.2871,1.4545,1
D1|2020-12-19|Mainz|Werder Bremen,D1,Bundesliga,2020,2020-12-19,2020-12-19 14:30:00,Mainz,Werder Bremen,0,1,0.388426,1.30319,0.388426,1.30319,13.6538,9.3333,2,2,0.5224,2.2108,1
D1|2020-12-19|RB Leipzig|FC Koln,D1,Bundesliga,2020,2020-12-19,2020-12-19 14:30:00,RB Leipzig,FC Koln,0,0,1.57839,0.205395,1.57839,0.205395,9.1538,31.9167,12,1,2.4822,0.31379999999999997,1
D1|2020-12-19|Schalke 04|Bielefeld,D1,Bundesliga,2020,2020-12-19,2020-12-19 14:30:00,Schalke 04,Bielefeld,0,1,0.338524,0.89989,0.338524,0.89989,10.7143,4.2778,4,4,0.755,1.8608000000000002,1
D1|2020-12-19|Leverkusen|Bayern Munich,D1,Bundesliga,2020,2020-12-19,2020-12-19 17:30:00,Leverkusen,Bayern Munich,1,2,0.307742,1.41401,0.307742,1.41401,10.2414,16.1000,5,9,0.4496,2.3054,1
D1|2020-12-20|Freiburg|Hertha,D1,Bundesliga,2020,2020-12-20,2020-12-20 14:30:00,Freiburg,Hertha,4,1,2.96729,1.03828,2.20951,1.03828,13.1667,5.0769,8,5,2.6357,0.2501,1
D1|2020-12-20|Wolfsburg|Stuttgart,D1,Bundesliga,2020,2020-12-20,2020-12-20 17:00:00,Wolfsburg,Stuttgart,1,0,1.67526,1.10934,1.67526,1.10934,8.8125,20.7273,8,6,1.7833,0.9478,1
D1|2021-01-02|Bielefeld|M'gladbach,D1,Bundesliga,2020,2021-01-02,2021-01-02 14:30:00,Bielefeld,M'gladbach,0,1,0.707828,1.88594,0.707828,1.88594,15.7500,15.2667,6,16,0.5172,2.2632,1
D1|2021-01-02|Ein Frankfurt|Leverkusen,D1,Bundesliga,2020,2021-01-02,2021-01-02 14:30:00,Ein Frankfurt,Leverkusen,2,1,1.34155,0.752325,1.34155,0.752325,13.3704,6.4400,5,6,1.8525,0.8534999999999999,1
D1|2021-01-02|FC Koln|Augsburg,D1,Bundesliga,2020,2021-01-02,2021-01-02 14:30:00,FC Koln,Augsburg,0,1,0.454651,1.23997,0.454651,1.23997,9.0882,8.3600,1,6,0.6061000000000001,2.1133,1
D1|2021-01-02|Hoffenheim|Freiburg,D1,Bundesliga,2020,2021-01-02,2021-01-02 14:30:00,Hoffenheim,Freiburg,1,3,1.14476,2.08,1.14476,1.32222,6.8500,10.1622,9,2,0.6573,2.13,1
D1|2021-01-02|Werder Bremen|Union Berlin,D1,Bundesliga,2020,2021-01-02,2021-01-02 14:30:00,Werder Bremen,Union Berlin,0,2,1.0178,1.30377,1.0178,1.30377,7.1154,15.2381,3,4,1.065,1.6113,1
D1|2021-01-02|Hertha|Schalke 04,D1,Bundesliga,2020,2021-01-02,2021-01-02 17:30:00,Hertha,Schalke 04,3,0,2.06576,0.717925,2.06576,0.717925,7.2500,11.0000,9,2,2.3644,0.4522,1
D1|2021-01-02|Stuttgart|RB Leipzig,D1,Bundesliga,2020,2021-01-02,2021-01-02 19:30:00,Stuttgart,RB Leipzig,0,1,0.891246,2.64018,0.891246,1.88249,15.4545,8.4194,4,10,0.3278,2.5334,1
D1|2021-01-03|Dortmund|Wolfsburg,D1,Bundesliga,2020,2021-01-03,2021-01-03 14:30:00,Dortmund,Wolfsburg,2,0,2.00235,1.21991,2.00235,1.21991,11.0588,13.4400,6,5,1.9360000000000002,0.8419,1
D1|2021-01-03|Bayern Munich|Mainz,D1,Bundesliga,2020,2021-01-03,2021-01-03 17:00:00,Bayern Munich,Mainz,5,2,4.11014,1.1937,3.35237,1.1937,5.0000,38.5833,22,2,2.8257,0.1167,1
D1|2021-01-08|M'gladbach|Bayern Munich,D1,Bundesliga,2020,2021-01-08,2021-01-08 19:30:00,M'gladbach,Bayern Munich,3,2,0.96923,1.32717,0.96923,0.569395,23.1053,8.8800,4,8,1.0061,1.6835,1
D1|2021-01-09|Freiburg|FC Koln,D1,Bundesliga,2020,2021-01-09,2021-01-09 14:30:00,Freiburg,FC Koln,5,0,2.91627,0.139728,2.91627,0.139728,12.4167,17.9412,4,3,2.9246,0.0434,1
D1|2021-01-09|Leverkusen|Werder Bremen,D1,Bundesliga,2020,2021-01-09,2021-01-09 14:30:00,Leverkusen,Werder Bremen,1,1,0.588228,0.481943,0.588228,0.481943,3.7097,21.8889,7,2,1.3224,1.2294,1
D1|2021-01-09|Mainz|Ein Frankfurt,D1,Bundesliga,2020,2021-01-09,2021-01-09 14:30:00,Mainz,Ein Frankfurt,0,2,1.10303,2.44043,1.10303,0.924872,11.7826,7.9444,6,8,0.4332,2.3919,1
D1|2021-01-09|Schalke 04|Hoffenheim,D1,Bundesliga,2020,2021-01-09,2021-01-09 14:30:00,Schalke 04,Hoffenheim,4,0,2.13307,1.84328,2.13307,1.84328,8.2647,6.1379,7,5,1.5685,1.1854,1
D1|2021-01-09|Union Berlin|Wolfsburg,D1,Bundesliga,2020,2021-01-09,2021-01-09 14:30:00,Union Berlin,Wolfsburg,2,2,1.00289,1.89061,1.00289,1.13284,9.2069,12.1905,5,4,0.6610999999999999,2.1098,1
D1|2021-01-09|RB Leipzig|Dortmund,D1,Bundesliga,2020,2021-01-09,2021-01-09 17:30:00,RB Leipzig,Dortmund,1,3,1.59439,2.57475,1.59439,2.57475,11.4348,8.3514,6,19,0.6700999999999999,2.0975,1
D1|2021-01-10|Augsburg|Stuttgart,D1,Bundesliga,2020,2021-01-10,2021-01-10 14:30:00,Augsburg,Stuttgart,1,4,0.97454,4.01214,0.97454,3.25437,10.3793,9.9167,6,13,0.10239999999999999,2.8434999999999997,1
D1|2021-01-10|Bielefeld|Hertha,D1,Bundesliga,2020,2021-01-10,2021-01-10 17:00:00,Bielefeld,Hertha,1,0,0.623296,0.603143,0.623296,0.603143,11.2857,7.0741,1,3,1.2946000000000002,1.2886000000000002,1
D1|2021-01-15|Union Berlin|Leverkusen,D1,Bundesliga,2020,2021-01-15,2021-01-15 19:30:00,Union Berlin,Leverkusen,1,0,1.21832,0.794473,1.21832,0.794473,25.3684,6.8571,2,9,1.7338,0.9604000000000001,1
D1|2021-01-16|Dortmund|Mainz,D1,Bundesliga,2020,2021-01-16,2021-01-16 14:30:00,Dortmund,Mainz,1,1,1.89801,0.536442,1.31249,0.536442,3.9062,15.2593,12,1,2.4279,0.3876,1
D1|2021-01-16|FC Koln|Hertha,D1,Bundesliga,2020,2021-01-16,2021-01-16 14:30:00,FC Koln,Hertha,0,0,0.336553,0.419961,0.336553,0.419961,11.5455,7.9000,3,5,1.1588,1.3094000000000001,1
D1|2021-01-16|Hoffenheim|Bielefeld,D1,Bundesliga,2020,2021-01-16,2021-01-16 14:30:00,Hoffenheim,Bielefeld,0,0,0.655307,0.596397,0.655307,0.596397,14.6667,8.1389,5,5,1.3518,1.2416999999999998,1
D1|2021-01-16|Werder Bremen|Augsburg,D1,Bundesliga,2020,2021-01-16,2021-01-16 14:30:00,Werder Bremen,Augsburg,2,0,1.20083,0.943511,1.20083,0.943511,17.1111,10.3077,6,3,1.5694,1.0846,1
D1|2021-01-16|Wolfsburg|RB Leipzig,D1,Bundesliga,2020,2021-01-16,2021-01-16 14:30:00,Wolfsburg,RB Leipzig,2,2,0.806904,2.41624,0.806904,2.41624,11.6364,13.3529,2,9,0.2582,2.6071999999999997,1
D1|2021-01-16|Stuttgart|M'gladbach,D1,Bundesliga,2020,2021-01-16,2021-01-16 17:30:00,Stuttgart,M'gladbach,2,2,1.63795,1.43375,0.880178,0.675978,13.2353,14.5926,7,3,1.5093999999999999,1.1821000000000002,1
D1|2021-01-17|Bayern Munich|Freiburg,D1,Bundesliga,2020,2021-01-17,2021-01-17 14:30:00,Bayern Munich,Freiburg,2,1,3.01697,0.76215,3.01697,0.76215,14.5000,13.7619,16,7,2.7284,0.18320000000000003,1
D1|2021-01-17|Ein Frankfurt|Schalke 04,D1,Bundesliga,2020,2021-01-17,2021-01-17 17:00:00,Ein Frankfurt,Schalke 04,3,1,1.97864,0.135505,1.97864,0.135505,6.1111,25.3333,12,5,2.7230000000000003,0.1595,1
D1|2021-01-19|M'gladbach|Werder Bremen,D1,Bundesliga,2020,2021-01-19,2021-01-19 17:30:00,M'gladbach,Werder Bremen,1,0,0.645527,0.813286,0.645527,0.813286,8.5333,33.6000,7,4,1.146,1.4889,1
D1|2021-01-19|Hertha|Hoffenheim,D1,Bundesliga,2020,2021-01-19,2021-01-19 19:30:00,Hertha,Hoffenheim,0,3,1.33502,1.07527,0.577241,1.07527,7.4167,14.3810,8,2,1.595,1.0817,1
D1|2021-01-19|Leverkusen|Dortmund,D1,Bundesliga,2020,2021-01-19,2021-01-19 19:30:00,Leverkusen,Dortmund,2,1,1.82076,1.25761,1.82076,1.25761,12.6667,11.0345,4,11,1.7902999999999998,0.9629,1
D1|2021-01-19|Mainz|Wolfsburg,D1,Bundesliga,2020,2021-01-19,2021-01-19 19:30:00,Mainz,Wolfsburg,0,2,0.372223,0.989418,0.372223,0.989418,10.3000,5.3000,1,3,0.7017,1.9616999999999998,1
D1|2021-01-20|Schalke 04|FC Koln,D1,Bundesliga,2020,2021-01-20,2021-01-20 17:30:00,Schalke 04,FC Koln,1,2,1.14009,1.7479,1.14009,1.7479,9.7895,15.2609,7,4,0.8769,1.8771,1
D1|2021-01-20|Augsburg|Bayern Munich,D1,Bundesliga,2020,2021-01-20,2021-01-20 19:30:00,Augsburg,Bayern Munich,0,1,1.21994,1.98194,0.462239,1.22416,11.2308,6.9565,3,18,0.7595000000000001,1.9754,1
D1|2021-01-20|Bielefeld|Stuttgart,D1,Bundesliga,2020,2021-01-20,2021-01-20 19:30:00,Bielefeld,Stuttgart,3,0,1.8577,1.32249,1.8577,1.32249,17.9545,8.7500,4,8,1.7829999999999997,0.9561999999999999,1
D1|2021-01-20|Freiburg|Ein Frankfurt,D1,Bundesliga,2020,2021-01-20,2021-01-20 19:30:00,Freiburg,Ein Frankfurt,2,2,0.850102,1.45197,0.850102,1.45197,13.0952,7.4737,2,13,0.8923,1.8253,1
D1|2021-01-20|RB Leipzig|Union Berlin,D1,Bundesliga,2020,2021-01-20,2021-01-20 19:30:00,RB Leipzig,Union Berlin,1,0,1.34987,0.121799,1.34987,0.121799,10.0400,24.4211,7,1,2.4525,0.3141,1
D1|2021-01-22|M'gladbach|Dortmund,D1,Bundesliga,2020,2021-01-22,2021-01-22 19:30:00,M'gladbach,Dortmund,4,2,2.33235,1.93273,2.33235,1.93273,19.2632,9.5484,3,8,1.6894,1.0606,1
D1|2021-01-23|Augsburg|Union Berlin,D1,Bundesliga,2020,2021-01-23,2021-01-23 14:30:00,Augsburg,Union Berlin,2,1,0.94986,1.62585,0.94986,0.868152,17.1667,5.9032,1,10,0.7041999999999999,1.9909000000000001,1
D1|2021-01-23|Bielefeld|Ein Frankfurt,D1,Bundesliga,2020,2021-01-23,2021-01-23 14:30:00,Bielefeld,Ein Frankfurt,1,5,0.328715,2.56406,0.328715,2.56406,9.9714,9.0741,4,11,0.1391,2.7788,1
D1|2021-01-23|Freiburg|Stuttgart,D1,Bundesliga,2020,2021-01-23,2021-01-23 14:30:00,Freiburg,Stuttgart,2,1,1.53443,3.02675,1.53443,2.26897,8.8065,8.1579,7,7,0.5051,2.3342,1
D1|2021-01-23|Leverkusen|Wolfsburg,D1,Bundesliga,2020,2021-01-23,2021-01-23 14:30:00,Leverkusen,Wolfsburg,0,1,0.572384,1.0586,0.572384,1.0586,6.8696,17.9524,4,5,0.8721,1.8003,1
D1|2021-01-23|Mainz|RB Leipzig,D1,Bundesliga,2020,2021-01-23,2021-01-23 14:30:00,Mainz,RB Leipzig,3,2,1.97152,1.86151,1.97152,1.86151,12.6897,5.6667,5,13,1.4715,1.2447,1
D1|2021-01-23|Hertha|Werder Bremen,D1,Bundesliga,2020,2021-01-23,2021-01-23 17:30:00,Hertha,Werder Bremen,1,4,1.99787,1.39323,1.24033,0.635531,6.4545,16.1765,9,1,1.8302999999999998,0.8856,1
D1|2021-01-24|Schalke 04|Bayern Munich,D1,Bundesliga,2020,2021-01-24,2021-01-24 14:30:00,Schalke 04,Bayern Munich,0,4,0.937959,3.12798,0.937959,3.12798,26.2000,5.2564,2,15,0.26859999999999995,2.6167,1
D1|2021-01-24|Hoffenheim|FC Koln,D1,Bundesliga,2020,2021-01-24,2021-01-24 17:00:00,Hoffenheim,FC Koln,3,0,2.66263,2.28505,1.14708,1.52727,14.6316,7.0938,7,7,1.6597000000000002,1.0909000000000002,1
D1|2021-01-29|Stuttgart|Mainz,D1,Bundesliga,2020,2021-01-29,2021-01-29 18:30:00,Stuttgart,Mainz,2,0,1.02742,0.298779,1.02742,0.298779,8.3500,5.8571,0,11,2.061,0.6201000000000001,1
D1|2021-01-30|Bayern Munich|Hoffenheim,D1,Bundesliga,2020,2021-01-30,2021-01-30 14:30:00,Bayern Munich,Hoffenheim,4,1,1.94572,1.87397,1.94572,1.87397,12.5882,20.4118,8,10,1.4372,1.3094000000000001,1
D1|2021-01-30|Dortmund|Augsburg,D1,Bundesliga,2020,2021-01-30,2021-01-30 14:30:00,Dortmund,Augsburg,3,1,1.92275,0.305739,1.16498,0.305739,6.0541,22.1765,12,1,2.6731,0.202,1
D1|2021-01-30|Ein Frankfurt|Hertha,D1,Bundesliga,2020,2021-01-30,2021-01-30 14:30:00,Ein Frankfurt,Hertha,3,1,1.78331,0.381451,1.02562,0.381451,6.3000,15.4737,9,4,2.5356,0.3036,1
D1|2021-01-30|Union Berlin|M'gladbach,D1,Bundesliga,2020,2021-01-30,2021-01-30 14:30:00,Union Berlin,M'gladbach,1,1,0.691595,0.580509,0.691595,0.580509,22.1667,11.0000,2,8,1.4180000000000001,1.1765,1
D1|2021-01-30|Werder Bremen|Schalke 04,D1,Bundesliga,2020,2021-01-30,2021-01-30 14:30:00,Werder Bremen,Schalke 04,1,1,0.64374,0.467918,0.64374,0.467918,13.3600,9.0370,8,3,1.4413,1.1212,1
D1|2021-01-30|RB Leipzig|Leverkusen,D1,Bundesliga,2020,2021-01-30,2021-01-30 17:30:00,RB Leipzig,Leverkusen,1,0,1.68828,0.905761,1.68828,0.905761,9.2353,8.2759,5,4,2.0276,0.7085,1
D1|2021-01-31|FC Koln|Bielefeld,D1,Bundesliga,2020,2021-01-31,2021-01-31 14:30:00,FC Koln,Bielefeld,3,1,1.50709,0.949382,1.50709,0.949382,9.0000,5.6875,3,8,1.8113,0.8998999999999999,1
D1|2021-01-31|Wolfsburg|Freiburg,D1,Bundesliga,2020,2021-01-31,2021-01-31 17:00:00,Wolfsburg,Freiburg,3,0,2.00557,0.684054,2.00557,0.684054,12.2500,7.0385,9,4,2.4071000000000002,0.4205,1
D1|2021-02-05|Hertha|Bayern Munich,D1,Bundesliga,2020,2021-02-05,2021-02-05 19:30:00,Hertha,Bayern Munich,0,1,1.24698,1.8015,1.24698,1.04373,13.1818,6.8929,3,10,0.9409000000000001,1.7917,1
D1|2021-02-06|Augsburg|Wolfsburg,D1,Bundesliga,2020,2021-02-06,2021-02-06 14:30:00,Augsburg,Wolfsburg,0,2,0.384821,2.19806,0.384821,2.19806,23.8462,8.1429,3,13,0.2338,2.6425,1
D1|2021-02-06|Freiburg|Dortmund,D1,Bundesliga,2020,2021-02-06,2021-02-06 14:30:00,Freiburg,Dortmund,2,1,0.167725,1.28601,0.167725,1.28601,27.0000,7.2800,1,8,0.3439,2.4202,1
D1|2021-02-06|Leverkusen|Stuttgart,D1,Bundesliga,2020,2021-02-06,2021-02-06 14:30:00,Leverkusen,Stuttgart,5,2,4.60657,1.30625,4.60657,1.30625,8.1852,14.4211,16,3,2.8453,0.10869999999999999,1
D1|2021-02-06|Mainz|Union Berlin,D1,Bundesliga,2020,2021-02-06,2021-02-06 14:30:00,Mainz,Union Berlin,1,0,2.20728,0.937962,1.44966,0.937962,13.2381,9.9474,6,4,2.3671,0.45430000000000004,1
D1|2021-02-06|Schalke 04|RB Leipzig,D1,Bundesliga,2020,2021-02-06,2021-02-06 14:30:00,Schalke 04,RB Leipzig,0,3,0.125218,3.10182,0.125218,3.10182,15.4737,4.8947,0,17,0.046400000000000004,2.9186000000000005,1
D1|2021-02-06|M'gladbach|FC Koln,D1,Bundesliga,2020,2021-02-06,2021-02-06 17:30:00,M'gladbach,FC Koln,1,2,0.42778,0.816611,0.42778,0.816611,7.1250,32.4286,5,3,0.8967,1.7210999999999999,1
D1|2021-02-07|Hoffenheim|Ein Frankfurt,D1,Bundesliga,2020,2021-02-07,2021-02-07 14:30:00,Hoffenheim,Ein Frankfurt,1,3,0.637718,1.26357,0.637718,1.26357,11.3103,10.4545,7,5,0.7567999999999999,1.9394000000000002,1
D1|2021-02-12|RB Leipzig|Augsburg,D1,Bundesliga,2020,2021-02-12,2021-02-12 19:30:00,RB Leipzig,Augsburg,2,1,2.26243,0.938388,1.50466,0.180611,7.1724,12.5517,6,3,2.4383,0.3644,1
D1|2021-02-13|Dortmund|Hoffenheim,D1,Bundesliga,2020,2021-02-13,2021-02-13 14:30:00,Dortmund,Hoffenheim,2,2,1.19058,2.19249,1.19058,2.19249,6.8710,10.0345,3,9,0.7070000000000001,2.0774,1
D1|2021-02-13|Leverkusen|Mainz,D1,Bundesliga,2020,2021-02-13,2021-02-13 14:30:00,Leverkusen,Mainz,2,2,1.75183,2.27515,1.75183,2.27515,7.5000,10.8108,4,12,1.0171000000000001,1.7416,1
D1|2021-02-13|Stuttgart|Hertha,D1,Bundesliga,2020,2021-02-13,2021-02-13 14:30:00,Stuttgart,Hertha,1,1,1.3857,0.832358,1.3857,0.832358,7.4054,8.2000,7,3,1.8109000000000002,0.9013,1
D1|2021-02-13|Werder Bremen|Freiburg,D1,Bundesliga,2020,2021-02-13,2021-02-13 14:30:00,Werder Bremen,Freiburg,0,0,0.907057,0.375641,0.907057,0.375641,23.1875,12.0741,1,2,1.8933,0.741,1
D1|2021-02-13|Union Berlin|Schalke 04,D1,Bundesliga,2020,2021-02-13,2021-02-13 17:30:00,Union Berlin,Schalke 04,0,0,1.9379,0.335784,1.9379,0.335784,10.5862,6.2400,8,6,2.5796,0.2744,1
D1|2021-02-14|Ein Frankfurt|FC Koln,D1,Bundesliga,2020,2021-02-14,2021-02-14 14:30:00,Ein Frankfurt,FC Koln,2,0,2.94491,0.554721,2.94491,0.554721,7.3793,17.4348,4,5,2.7863999999999995,0.1377,1
D1|2021-02-14|Wolfsburg|M'gladbach,D1,Bundesliga,2020,2021-02-14,2021-02-14 17:00:00,Wolfsburg,M'gladbach,0,0,0.641105,0.663321,0.641105,0.663321,11.7727,9.1613,6,7,1.2679,1.3375000000000001,1
D1|2021-02-15|Bayern Munich|Bielefeld,D1,Bundesliga,2020,2021-02-15,2021-02-15 19:30:00,Bayern Munich,Bielefeld,3,3,2.29294,1.71797,2.29294,1.71797,7.6538,19.7647,6,5,1.8048999999999997,0.9427000000000001,1
D1|2021-02-19|Bielefeld|Wolfsburg,D1,Bundesliga,2020,2021-02-19,2021-02-19 19:30:00,Bielefeld,Wolfsburg,0,3,0.319638,1.67634,0.319638,1.67634,17.0526,14.2778,6,5,0.26139999999999997,2.5795,1
D1|2021-02-20|Ein Frankfurt|Bayern Munich,D1,Bundesliga,2020,2021-02-20,2021-02-20 14:30:00,Ein Frankfurt,Bayern Munich,2,1,1.9074,1.5483,1.9074,1.5483,11.3704,11.0556,4,12,1.6491,1.095,1
D1|2021-02-20|FC Koln|Stuttgart,D1,Bundesliga,2020,2021-02-20,2021-02-20 14:30:00,FC Koln,Stuttgart,0,1,0.650885,0.606729,0.650885,0.606729,13.3478,18.7895,5,6,1.3394000000000001,1.2596,1
D1|2021-02-20|Freiburg|Union Berlin,D1,Bundesliga,2020,2021-02-20,2021-02-20 14:30:00,Freiburg,Union Berlin,0,1,0.836092,1.49682,0.836092,1.49682,7.8095,17.9048,6,4,0.8149,1.8942999999999999,1
D1|2021-02-20|M'gladbach|Mainz,D1,Bundesliga,2020,2021-02-20,2021-02-20 14:30:00,M'gladbach,Mainz,1,2,0.659888,0.665514,0.659888,0.665514,8.3077,20.4000,8,2,1.2638,1.3433000000000002,1
D1|2021-02-20|Schalke 04|Dortmund,D1,Bundesliga,2020,2021-02-20,2021-02-20 17:30:00,Schalke 04,Dortmund,0,4,0.830269,1.85349,0.830269,1.85349,13.3200,6.2500,7,10,0.54,2.2449,1
D1|2021-02-21|Augsburg|Leverkusen,D1,Bundesliga,2020,2021-02-21,2021-02-21 12:30:00,Augsburg,Leverkusen,1,1,0.931657,0.397505,0.931657,0.397505,29.2308,5.1304,1,6,1.8981000000000003,0.7479,1
D1|2021-02-21|Hertha|RB Leipzig,D1,Bundesliga,2020,2021-02-21,2021-02-21 14:30:00,Hertha,RB Leipzig,0,3,0.859063,1.16338,0.859063,1.16338,11.0455,18.0000,5,7,1.0861,1.5871,1
D1|2021-02-21|Hoffenheim|Werder Bremen,D1,Bundesliga,2020,2021-02-21,2021-02-21 17:00:00,Hoffenheim,Werder Bremen,4,0,2.66057,0.109963,2.66057,0.109963,11.6667,10.9200,7,3,2.8972999999999995,0.0584,1
D1|2021-02-26|Werder Bremen|Ein Frankfurt,D1,Bundesliga,2020,2021-02-26,2021-02-26 19:30:00,Werder Bremen,Ein Frankfurt,2,1,1.10682,1.17887,1.10682,1.17887,19.7222,4.1944,6,8,1.2973,1.39,1
D1|2021-02-27|Bayern Munich|FC Koln,D1,Bundesliga,2020,2021-02-27,2021-02-27 14:30:00,Bayern Munich,FC Koln,5,1,2.40221,0.985369,2.40221,0.985369,12.7391,14.8800,7,9,2.3728000000000002,0.45099999999999996,1
D1|2021-02-27|Dortmund|Bielefeld,D1,Bundesliga,2020,2021-02-27,2021-02-27 14:30:00,Dortmund,Bielefeld,3,0,2.50855,0.636679,1.75077,0.636679,13.5882,15.7600,23,3,2.6326,0.24639999999999998,1
D1|2021-02-27|Stuttgart|Schalke 04,D1,Bundesliga,2020,2021-02-27,2021-02-27 14:30:00,Stuttgart,Schalke 04,5,1,2.68633,1.64536,2.68633,0.887581,10.7273,9.3478,10,7,2.1176,0.677,1
D1|2021-02-27|Wolfsburg|Hertha,D1,Bundesliga,2020,2021-02-27,2021-02-27 14:30:00,Wolfsburg,Hertha,2,0,0.620957,1.18868,0.620957,1.18868,10.1667,12.3913,6,3,0.7844,1.9121000000000001,1
D1|2021-02-27|RB Leipzig|M'gladbach,D1,Bundesliga,2020,2021-02-27,2021-02-27 17:30:00,RB Leipzig,M'gladbach,3,2,1.89119,1.94164,1.89119,1.18386,5.5161,12.7391,8,0,1.2717,1.4592,1
D1|2021-02-28|Union Berlin|Hoffenheim,D1,Bundesliga,2020,2021-02-28,2021-02-28 12:30:00,Union Berlin,Hoffenheim,1,1,0.958613,1.53526,0.200836,1.53526,17.2105,17.2353,4,13,0.8874,1.8015,1
D1|2021-02-28|Mainz|Augsburg,D1,Bundesliga,2020,2021-02-28,2021-02-28 14:30:00,Mainz,Augsburg,0,1,0.454814,1.27616,0.454814,1.27616,5.7500,16.6923,11,5,0.6049,2.1174999999999997,1
D1|2021-02-28|Leverkusen|Freiburg,D1,Bundesliga,2020,2021-02-28,2021-02-28 17:00:00,Leverkusen,Freiburg,1,2,1.15987,1.47636,1.15987,1.47636,9.6875,30.2308,8,6,1.0135999999999998,1.6859,1
D1|2021-03-05|Schalke 04|Mainz,D1,Bundesliga,2020,2021-03-05,2021-03-05 19:30:00,Schalke 04,Mainz,0,0,0.414149,0.848925,0.414149,0.848925,9.4444,4.8367,0,11,0.9201999999999999,1.6789,1
D1|2021-03-06|Ein Frankfurt|Stuttgart,D1,Bundesliga,2020,2021-03-06,2021-03-06 14:30:00,Ein Frankfurt,Stuttgart,1,1,1.56516,1.15519,1.56516,1.15519,5.6970,8.1818,6,3,1.6882,1.0309,1
D1|2021-03-06|Freiburg|RB Leipzig,D1,Bundesliga,2020,2021-03-06,2021-03-06 14:30:00,Freiburg,RB Leipzig,0,3,0.197373,1.97309,0.197373,1.97309,13.8571,8.4815,2,14,0.16949999999999998,2.7123,1
D1|2021-03-06|Hertha|Augsburg,D1,Bundesliga,2020,2021-03-06,2021-03-06 14:30:00,Hertha,Augsburg,2,1,2.68531,0.836158,1.92753,0.836158,4.8571,14.5455,9,2,2.6578000000000004,0.22659999999999997,1
D1|2021-03-06|Hoffenheim|Wolfsburg,D1,Bundesliga,2020,2021-03-06,2021-03-06 14:30:00,Hoffenheim,Wolfsburg,2,1,0.989132,1.82597,0.989132,1.82597,12.7200,8.8889,4,10,0.7244,2.0288,1
D1|2021-03-06|M'gladbach|Leverkusen,D1,Bundesliga,2020,2021-03-06,2021-03-06 14:30:00,M'gladbach,Leverkusen,0,1,0.544034,1.36843,0.544034,1.36843,16.5200,14.2632,8,6,0.6038,2.1377,1
D1|2021-03-06|Bayern Munich|Dortmund,D1,Bundesliga,2020,2021-03-06,2021-03-06 17:30:00,Bayern Munich,Dortmund,4,2,2.69537,0.723629,1.93759,0.723629,8.3600,19.3333,20,3,2.7199999999999998,0.17209999999999998,1
D1|2021-03-07|FC Koln|Werder Bremen,D1,Bundesliga,2020,2021-03-07,2021-03-07 14:30:00,FC Koln,Werder Bremen,1,1,1.50386,1.20768,1.50386,1.20768,7.3158,25.6667,5,2,1.5924,1.1334,1
D1|2021-03-07|Bielefeld|Union Berlin,D1,Bundesliga,2020,2021-03-07,2021-03-07 17:00:00,Bielefeld,Union Berlin,0,0,0.213406,1.49282,0.213406,1.49282,21.3636,17.5000,4,3,0.3078,2.4936,1
D1|2021-03-10|Bielefeld|Werder Bremen,D1,Bundesliga,2020,2021-03-10,2021-03-10 19:30:00,Bielefeld,Werder Bremen,0,2,2.49186,1.64589,2.49186,1.64589,5.7586,20.0000,17,4,1.9788000000000001,0.7836000000000001,1
D1|2021-03-12|Augsburg|M'gladbach,D1,Bundesliga,2020,2021-03-12,2021-03-12 19:30:00,Augsburg,M'gladbach,3,1,1.14857,2.30606,1.14857,1.54829,24.0000,8.0417,3,11,0.5912999999999999,2.2071,1
D1|2021-03-13|Mainz|Freiburg,D1,Bundesliga,2020,2021-03-13,2021-03-13 14:30:00,Mainz,Freiburg,1,0,1.83812,1.48247,1.83812,1.48247,7.5405,10.5217,15,6,1.7007999999999999,1.0084,1
D1|2021-03-13|Union Berlin|FC Koln,D1,Bundesliga,2020,2021-03-13,2021-03-13 14:30:00,Union Berlin,FC Koln,2,1,2.37875,1.05403,1.62097,0.29625,17.6190,7.8462,3,5,2.3507000000000002,0.4505,1
D1|2021-03-13|Werder Bremen|Bayern Munich,D1,Bundesliga,2020,2021-03-13,2021-03-13 14:30:00,Werder Bremen,Bayern Munich,1,3,0.76636,3.96745,0.76636,3.96745,46.5714,7.6500,5,25,0.0587,2.9039,1
D1|2021-03-13|Wolfsburg|Schalke 04,D1,Bundesliga,2020,2021-03-13,2021-03-13 14:30:00,Wolfsburg,Schalke 04,5,0,2.50491,0.241952,2.50491,0.241952,7.0303,12.5500,8,2,2.8041,0.1176,1
D1|2021-03-13|Dortmund|Hertha,D1,Bundesliga,2020,2021-03-13,2021-03-13 17:30:00,Dortmund,Hertha,2,0,1.93335,0.0761441,1.93335,0.0761441,8.7895,47.7000,12,3,2.7963999999999998,0.112,1
D1|2021-03-14|Leverkusen|Bielefeld,D1,Bundesliga,2020,2021-03-14,2021-03-14 12:30:00,Leverkusen,Bielefeld,1,2,2.37314,2.28117,2.37314,2.28117,3.7037,19.5217,16,3,1.4138000000000002,1.3634,1
D1|2021-03-14|RB Leipzig|Ein Frankfurt,D1,Bundesliga,2020,2021-03-14,2021-03-14 14:30:00,RB Leipzig,Ein Frankfurt,1,1,1.81298,0.694577,1.81298,0.694577,7.0000,10.1200,8,4,2.2714,0.5136999999999999,1
D1|2021-03-14|Stuttgart|Hoffenheim,D1,Bundesliga,2020,2021-03-14,2021-03-14 17:00:00,Stuttgart,Hoffenheim,2,0,1.03802,0.97511,1.03802,0.97511,14.2917,9.9583,5,9,1.4273,1.2514999999999998,1
D1|2021-03-19|Bielefeld|RB Leipzig,D1,Bundesliga,2020,2021-03-19,2021-03-19 19:30:00,Bielefeld,RB Leipzig,0,1,0.290363,2.509,0.290363,2.509,32.5625,3.8824,2,16,0.10320000000000001,2.8254,1
D1|2021-03-20|Bayern Munich|Stuttgart,D1,Bundesliga,2020,2021-03-20,2021-03-20 14:30:00,Bayern Munich,Stuttgart,4,0,2.6153,1.12324,2.6153,1.12324,15.2857,8.4194,14,9,2.3682,0.4677,1
D1|2021-03-20|Ein Frankfurt|Union Berlin,D1,Bundesliga,2020,2021-03-20,2021-03-20 14:30:00,Ein Frankfurt,Union Berlin,5,2,2.53513,2.9206,2.53513,2.9206,12.5238,17.6316,9,6,1.1574,1.6143,1
D1|2021-03-20|FC Koln|Dortmund,D1,Bundesliga,2020,2021-03-20,2021-03-20 14:30:00,FC Koln,Dortmund,2,2,1.32405,1.81107,0.566276,1.81107,30.4615,12.0000,9,12,0.9494,1.7687,1
D1|2021-03-20|Werder Bremen|Wolfsburg,D1,Bundesliga,2020,2021-03-20,2021-03-20 14:30:00,Werder Bremen,Wolfsburg,1,2,1.06983,1.20287,1.06983,1.20287,8.0690,7.7812,4,4,1.2288999999999999,1.4644000000000001,1
D1|2021-03-20|Schalke 04|M'gladbach,D1,Bundesliga,2020,2021-03-20,2021-03-20 17:30:00,Schalke 04,M'gladbach,0,3,0.185724,2.06675,0.185724,2.06675,26.4444,8.5217,3,9,0.1635,2.7222,1
D1|2021-03-21|Hoffenheim|Mainz,D1,Bundesliga,2020,2021-03-21,2021-03-21 12:30:00,Hoffenheim,Mainz,1,2,1.05065,3.20297,1.05065,3.20297,9.0556,15.4000,5,9,0.2434,2.6497,1
D1|2021-03-21|Hertha|Leverkusen,D1,Bundesliga,2020,2021-03-21,2021-03-21 14:30:00,Hertha,Leverkusen,3,0,2.00238,2.00246,2.00238,2.00246,14.1304,3.3077,9,10,1.3834,1.3633,1
D1|2021-03-21|Freiburg|Augsburg,D1,Bundesliga,2020,2021-03-21,2021-03-21 17:00:00,Freiburg,Augsburg,2,0,2.06607,0.821272,2.06607,0.821272,6.0370,17.7333,3,5,2.3263,0.49,1
D1|2021-04-03|Augsburg|Hoffenheim,D1,Bundesliga,2020,2021-04-03,2021-04-03 13:30:00,Augsburg,Hoffenheim,2,1,0.560474,0.754596,0.560474,0.754596,21.3889,6.6800,1,13,1.1183,1.4951,1
D1|2021-04-03|Dortmund|Ein Frankfurt,D1,Bundesliga,2020,2021-04-03,2021-04-03 13:30:00,Dortmund,Ein Frankfurt,1,2,2.14799,1.7596,2.14799,1.7596,8.2963,9.3571,22,9,1.6297,1.126,1
D1|2021-04-03|Leverkusen|Schalke 04,D1,Bundesliga,2020,2021-04-03,2021-04-03 13:30:00,Leverkusen,Schalke 04,2,1,0.861271,1.05068,0.861271,1.05068,8.4062,15.5667,8,5,1.1126,1.5086,1
D1|2021-04-03|Mainz|Bielefeld,D1,Bundesliga,2020,2021-04-03,2021-04-03 13:30:00,Mainz,Bielefeld,1,1,2.45668,0.376815,1.69891,0.376815,5.3793,15.7500,6,2,2.7668,0.1496,1
D1|2021-04-03|Wolfsburg|FC Koln,D1,Bundesliga,2020,2021-04-03,2021-04-03 13:30:00,Wolfsburg,FC Koln,1,0,0.729338,1.20907,0.729338,1.20907,8.1724,15.6875,13,3,0.8836,1.8139,1
D1|2021-04-03|RB Leipzig|Bayern Munich,D1,Bundesliga,2020,2021-04-03,2021-04-03 16:30:00,RB Leipzig,Bayern Munich,0,1,0.486813,0.597457,0.486813,0.597457,9.6774,8.5000,10,6,1.1663999999999999,1.3961999999999999,1
D1|2021-04-03|M'gladbach|Freiburg,D1,Bundesliga,2020,2021-04-03,2021-04-03 18:30:00,M'gladbach,Freiburg,2,1,1.48872,1.96748,1.48872,1.96748,13.2800,7.8824,6,2,0.9952000000000001,1.7611,1
D1|2021-04-04|Stuttgart|Werder Bremen,D1,Bundesliga,2020,2021-04-04,2021-04-04 13:30:00,Stuttgart,Werder Bremen,1,0,0.695308,0.362475,0.695308,0.362475,9.5652,12.6786,9,13,1.5972,0.9630000000000001,1
D1|2021-04-04|Union Berlin|Hertha,D1,Bundesliga,2020,2021-04-04,2021-04-04 16:00:00,Union Berlin,Hertha,1,1,0.801212,0.850228,0.801212,0.0924508,12.3158,29.3000,3,1,1.1666999999999998,1.4355,1
D1|2021-04-09|Bielefeld|Freiburg,D1,Bundesliga,2020,2021-04-09,2021-04-09 18:30:00,Bielefeld,Freiburg,1,0,1.35635,0.4306,1.35635,0.4306,15.6000,17.4167,10,4,2.1921,0.5523,1
D1|2021-04-10|Bayern Munich|Union Berlin,D1,Bundesliga,2020,2021-04-10,2021-04-10 13:30:00,Bayern Munich,Union Berlin,1,1,0.809251,0.908459,0.809251,0.908459,9.5000,19.8333,9,2,1.1896,1.4497,1
D1|2021-04-10|Ein Frankfurt|Wolfsburg,D1,Bundesliga,2020,2021-04-10,2021-04-10 13:30:00,Ein Frankfurt,Wolfsburg,4,3,0.748811,1.69595,0.748811,1.69595,9.8182,5.0968,7,14,0.6234,2.1414,1
D1|2021-04-10|Hertha|M'gladbach,D1,Bundesliga,2020,2021-04-10,2021-04-10 13:30:00,Hertha,M'gladbach,2,2,1.41784,1.24723,1.41784,0.489458,9.7619,19.2941,10,6,1.4430999999999998,1.2379,1
D1|2021-04-10|Werder Bremen|RB Leipzig,D1,Bundesliga,2020,2021-04-10,2021-04-10 13:30:00,Werder Bremen,RB Leipzig,1,4,1.32791,1.68371,0.570135,1.68371,11.6364,10.7619,3,12,1.0498,1.6606,1
D1|2021-04-10|Stuttgart|Dortmund,D1,Bundesliga,2020,2021-04-10,2021-04-10 16:30:00,Stuttgart,Dortmund,2,3,1.51604,1.12634,1.51604,1.12634,13.1818,14.2500,5,12,1.6968,1.0338,1
D1|2021-04-11|Schalke 04|Augsburg,D1,Bundesliga,2020,2021-04-11,2021-04-11 13:30:00,Schalke 04,Augsburg,1,0,0.858301,1.14952,0.858301,1.14952,12.2609,11.1667,6,8,1.0721,1.583,1
D1|2021-04-11|FC Koln|Mainz,D1,Bundesliga,2020,2021-04-11,2021-04-11 16:00:00,FC Koln,Mainz,2,3,2.49731,1.51737,1.73953,1.51737,6.3182,20.7647,5,6,2.0391,0.7347000000000001,1
D1|2021-04-12|Hoffenheim|Leverkusen,D1,Bundesliga,2020,2021-04-12,2021-04-12 18:30:00,Hoffenheim,Leverkusen,0,0,0.0916581,0.32178,0.0916581,0.32178,14.8846,11.3214,3,5,0.8627,1.4708,1
D1|2021-04-16|RB Leipzig|Hoffenheim,D1,Bundesliga,2020,2021-04-16,2021-04-16 18:30:00,RB Leipzig,Hoffenheim,0,0,1.43967,0.179248,1.43967,0.179248,7.8966,27.2857,10,2,2.4749,0.3095,1
D1|2021-04-17|Augsburg|Bielefeld,D1,Bundesliga,2020,2021-04-17,2021-04-17 13:30:00,Augsburg,Bielefeld,0,0,0.752755,0.824002,0.752755,0.824002,10.8261,10.1481,3,6,1.2744,1.3497,1
D1|2021-04-17|Freiburg|Schalke 04,D1,Bundesliga,2020,2021-04-17,2021-04-17 13:30:00,Freiburg,Schalke 04,4,0,2.07564,0.716727,1.31787,0.716727,7.9310,15.2500,3,2,2.4509,0.3644,1
D1|2021-04-17|M'gladbach|Ein Frankfurt,D1,Bundesliga,2020,2021-04-17,2021-04-17 13:30:00,M'gladbach,Ein Frankfurt,4,0,2.95451,0.609687,2.95451,0.609687,20.1667,7.3182,7,5,2.7352000000000003,0.178,1
D1|2021-04-17|Union Berlin|Stuttgart,D1,Bundesliga,2020,2021-04-17,2021-04-17 13:30:00,Union Berlin,Stuttgart,2,1,1.53511,0.790129,1.53511,0.790129,12.1786,14.3529,5,6,2.0497,0.6789999999999999,1
D1|2021-04-17|Wolfsburg|Bayern Munich,D1,Bundesliga,2020,2021-04-17,2021-04-17 13:30:00,Wolfsburg,Bayern Munich,2,3,1.25011,1.72716,1.25011,1.72716,7.9167,9.4286,7,10,1.0126,1.7127999999999999,1
D1|2021-04-17|Leverkusen|FC Koln,D1,Bundesliga,2020,2021-04-17,2021-04-17 16:30:00,Leverkusen,FC Koln,3,0,1.98802,0.828829,1.98802,0.828829,18.7059,16.0000,2,5,2.3755,0.4294,1
D1|2021-04-18|Dortmund|Werder Bremen,D1,Bundesliga,2020,2021-04-18,2021-04-18 13:30:00,Dortmund,Werder Bremen,4,1,3.07111,0.973347,2.31333,0.973347,7.7931,38.5455,7,1,2.6820999999999997,0.21610000000000001,1
D1|2021-04-20|FC Koln|RB Leipzig,D1,Bundesliga,2020,2021-04-20,2021-04-20 16:30:00,FC Koln,RB Leipzig,2,1,0.594852,2.01175,0.594852,2.01175,34.6364,5.8095,1,18,0.4467,2.3631,1
D1|2021-04-20|Bayern Munich|Leverkusen,D1,Bundesliga,2020,2021-04-20,2021-04-20 18:30:00,Bayern Munich,Leverkusen,2,0,1.89266,0.540312,1.89266,0.540312,7.9032,15.0800,11,5,2.4595000000000002,0.3598,1
D1|2021-04-20|Bielefeld|Schalke 04,D1,Bundesliga,2020,2021-04-20,2021-04-20 18:30:00,Bielefeld,Schalke 04,1,0,2.29829,0.252122,1.51824,0.252122,7.8621,12.3077,9,1,2.8306,0.1006,1
D1|2021-04-20|Ein Frankfurt|Augsburg,D1,Bundesliga,2020,2021-04-20,2021-04-20 18:30:00,Ein Frankfurt,Augsburg,2,0,1.16892,1.41189,1.16892,0.654113,7.0690,23.3571,4,2,1.1214,1.5492,1
D1|2021-04-21|Dortmund|Union Berlin,D1,Bundesliga,2020,2021-04-21,2021-04-21 18:30:00,Dortmund,Union Berlin,2,0,6.37227,0.274853,5.6145,0.274853,21.8571,19.6250,8,2,2.999,0.0008,1
D1|2021-04-21|Hoffenheim|M'gladbach,D1,Bundesliga,2020,2021-04-21,2021-04-21 18:30:00,Hoffenheim,M'gladbach,3,2,2.31017,0.8843,2.31017,0.8843,13.3529,21.7333,9,5,2.4010999999999996,0.41569999999999996,1
D1|2021-04-21|Stuttgart|Wolfsburg,D1,Bundesliga,2020,2021-04-21,2021-04-21 18:30:00,Stuttgart,Wolfsburg,1,3,1.77065,1.70299,0.903884,1.70299,10.4737,9.0750,7,5,1.4265,1.2834,1
D1|2021-04-21|Werder Bremen|Mainz,D1,Bundesliga,2020,2021-04-21,2021-04-21 18:30:00,Werder Bremen,Mainz,0,1,0.8847,1.38294,0.8847,1.38294,9.3750,17.6842,3,2,0.9236,1.8002,1
D1|2021-04-23|Augsburg|FC Koln,D1,Bundesliga,2020,2021-04-23,2021-04-23 18:30:00,Augsburg,FC Koln,2,3,1.84086,1.82475,1.84086,1.82475,8.3846,14.8235,6,8,1.3927,1.3291,1
D1|2021-04-24|Freiburg|Hoffenheim,D1,Bundesliga,2020,2021-04-24,2021-04-24 13:30:00,Freiburg,Hoffenheim,1,1,1.31762,1.55721,0.55984,1.55721,20.7143,15.8125,3,4,1.1743999999999999,1.5221,1
D1|2021-04-24|Mainz|Bayern Munich,D1,Bundesliga,2020,2021-04-24,2021-04-24 13:30:00,Mainz,Bayern Munich,2,1,1.1149,1.16918,1.1149,1.16918,14.4783,3.4074,1,9,1.3498,1.336,1
D1|2021-04-24|Union Berlin|Werder Bremen,D1,Bundesliga,2020,2021-04-24,2021-04-24 13:30:00,Union Berlin,Werder Bremen,3,1,1.69915,0.44826,1.69915,0.44826,8.4483,26.0909,6,1,2.3882000000000003,0.40759999999999996,1
D1|2021-04-24|Wolfsburg|Dortmund,D1,Bundesliga,2020,2021-04-24,2021-04-24 13:30:00,Wolfsburg,Dortmund,0,2,1.36199,1.04957,1.36199,1.04957,11.1053,13.6875,5,5,1.5684,1.1451,1
D1|2021-04-24|Leverkusen|Ein Frankfurt,D1,Bundesliga,2020,2021-04-24,2021-04-24 16:30:00,Leverkusen,Ein Frankfurt,3,1,2.08585,1.83222,2.08585,1.83222,18.2941,11.2963,7,8,1.5717,1.1931,1
D1|2021-04-25|RB Leipzig|Stuttgart,D1,Bundesliga,2020,2021-04-25,2021-04-25 13:30:00,RB Leipzig,Stuttgart,2,0,3.71376,0.128485,2.95599,0.128485,5.5135,20.4615,23,4,2.9701,0.016,1
D1|2021-04-25|M'gladbach|Bielefeld,D1,Bundesliga,2020,2021-04-25,2021-04-25 16:00:00,M'gladbach,Bielefeld,5,0,3.75166,0.594905,2.99389,0.594905,12.8824,18.5652,12,3,2.8958999999999997,0.0639,1
D1|2021-05-03|Mainz|Hertha,D1,Bundesliga,2020,2021-05-03,2021-05-03 18:00:00,Mainz,Hertha,1,1,2.8172,1.54384,2.8172,1.54384,8.5385,15.0000,4,5,2.2615,0.5572,1
D1|2021-05-06|Hertha|Freiburg,D1,Bundesliga,2020,2021-05-06,2021-05-06 16:30:00,Hertha,Freiburg,3,0,2.03873,0.850618,2.03873,0.850618,21.0556,7.9643,4,6,2.299,0.49989999999999996,1
D1|2021-05-07|Stuttgart|Augsburg,D1,Bundesliga,2020,2021-05-07,2021-05-07 18:30:00,Stuttgart,Augsburg,2,1,1.62191,2.11055,1.62191,2.11055,7.4583,12.5769,8,8,1.0226,1.7306,1
D1|2021-05-08|Dortmund|RB Leipzig,D1,Bundesliga,2020,2021-05-08,2021-05-08 13:30:00,Dortmund,RB Leipzig,3,2,2.00128,1.50553,2.00128,1.50553,16.1176,8.9200,8,11,1.7201,1.0289,1
D1|2021-05-08|Hoffenheim|Schalke 04,D1,Bundesliga,2020,2021-05-08,2021-05-08 13:30:00,Hoffenheim,Schalke 04,4,2,1.53696,0.816991,1.53696,0.816991,6.6562,35.5000,9,8,1.9188999999999998,0.8083,1
D1|2021-05-08|Werder Bremen|Leverkusen,D1,Bundesliga,2020,2021-05-08,2021-05-08 13:30:00,Werder Bremen,Leverkusen,0,0,0.552662,1.05171,0.552662,1.05171,13.4800,8.5652,1,7,0.8715999999999999,1.792,1
D1|2021-05-08|Wolfsburg|Union Berlin,D1,Bundesliga,2020,2021-05-08,2021-05-08 13:30:00,Wolfsburg,Union Berlin,3,0,1.94262,0.577025,1.94262,0.577025,9.3043,35.5000,7,4,2.4459999999999997,0.3739,1
D1|2021-05-08|Bayern Munich|M'gladbach,D1,Bundesliga,2020,2021-05-08,2021-05-08 16:30:00,Bayern Munich,M'gladbach,6,0,3.02349,0.806609,2.26572,0.806609,10.6296,13.9643,22,9,2.6943,0.20879999999999999,1
D1|2021-05-09|FC Koln|Freiburg,D1,Bundesliga,2020,2021-05-09,2021-05-09 11:30:00,FC Koln,Freiburg,1,4,1.72084,2.49672,0.963063,2.49672,10.0000,10.8696,2,10,0.7634,1.9957999999999998,1
D1|2021-05-09|Ein Frankfurt|Mainz,D1,Bundesliga,2020,2021-05-09,2021-05-09 13:30:00,Ein Frankfurt,Mainz,1,1,0.691369,0.52553,0.691369,0.52553,5.5714,19.4091,6,0,1.4163,1.1697,1
D1|2021-05-09|Hertha|Bielefeld,D1,Bundesliga,2020,2021-05-09,2021-05-09 16:00:00,Hertha,Bielefeld,0,0,0.757903,0.501126,0.757903,0.501126,9.7059,21.5556,6,4,1.5798,1.0164,1
D1|2021-05-12|Schalke 04|Hertha,D1,Bundesliga,2020,2021-05-12,2021-05-12 16:00:00,Schalke 04,Hertha,1,2,1.07359,1.48104,1.07359,1.48104,34.3333,11.2273,1,5,1.056,1.6656,1
D1|2021-05-15|Augsburg|Werder Bremen,D1,Bundesliga,2020,2021-05-15,2021-05-15 13:30:00,Augsburg,Werder Bremen,2,0,1.70665,0.602641,0.94887,0.602641,13.9000,6.4667,3,8,2.2859000000000003,0.5035999999999999,1
D1|2021-05-15|Bielefeld|Hoffenheim,D1,Bundesliga,2020,2021-05-15,2021-05-15 13:30:00,Bielefeld,Hoffenheim,1,1,1.65894,1.57706,1.65894,1.57706,45.7500,9.2174,9,10,1.4006,1.3355000000000001,1
D1|2021-05-15|Freiburg|Bayern Munich,D1,Bundesliga,2020,2021-05-15,2021-05-15 13:30:00,Freiburg,Bayern Munich,2,2,0.964354,2.49234,0.964354,1.73457,16.2727,10.2174,7,6,0.375,2.4777,1
D1|2021-05-15|Hertha|FC Koln,D1,Bundesliga,2020,2021-05-15,2021-05-15 13:30:00,Hertha,FC Koln,0,0,0.0752744,1.65371,0.0752744,1.65371,18.0000,8.0417,3,6,0.1421,2.7398000000000002,1
D1|2021-05-15|Leverkusen|Union Berlin,D1,Bundesliga,2020,2021-05-15,2021-05-15 13:30:00,Leverkusen,Union Berlin,1,1,1.56402,1.53974,1.56402,1.53974,18.3333,15.4286,6,7,1.3956000000000002,1.2864,1
D1|2021-05-15|M'gladbach|Stuttgart,D1,Bundesliga,2020,2021-05-15,2021-05-15 13:30:00,M'gladbach,Stuttgart,1,2,0.491123,0.532199,0.491123,0.532199,12.8148,8.6389,13,7,1.2252999999999998,1.3045,1
D1|2021-05-15|Schalke 04|Ein Frankfurt,D1,Bundesliga,2020,2021-05-15,2021-05-15 13:30:00,Schalke 04,Ein Frankfurt,4,3,2.69368,3.0473,1.80597,3.0473,25.7000,5.4412,7,11,1.1931,1.5843,1
D1|2021-05-16|Mainz|Dortmund,D1,Bundesliga,2020,2021-05-16,2021-05-16 16:00:00,Mainz,Dortmund,1,3,1.38457,2.12969,0.626791,2.12969,22.0000,11.7222,3,13,0.7399,1.9945000000000002,1
D1|2021-05-16|RB Leipzig|Wolfsburg,D1,Bundesliga,2020,2021-05-16,2021-05-16 18:30:00,RB Leipzig,Wolfsburg,2,2,1.9175,1.07835,1.15972,1.07835,6.0833,12.9130,8,5,2.0301,0.7278,1
D1|2021-05-22|Bayern Munich|Augsburg,D1,Bundesliga,2020,2021-05-22,2021-05-22 13:30:00,Bayern Munich,Augsburg,5,2,4.85963,1.73838,4.85963,0.980606,7.4444,19.2353,23,2,2.8591,0.09609999999999999,1
D1|2021-05-22|Dortmund|Leverkusen,D1,Bundesliga,2020,2021-05-22,2021-05-22 13:30:00,Dortmund,Leverkusen,3,1,1.62981,1.56956,1.62981,0.811783,22.2308,19.1905,11,8,1.395,1.2927,1
D1|2021-05-22|Ein Frankfurt|Freiburg,D1,Bundesliga,2020,2021-05-22,2021-05-22 13:30:00,Ein Frankfurt,Freiburg,3,1,2.30602,0.525229,1.54825,0.525229,12.7619,22.9167,7,7,2.6266,0.2431,1
D1|2021-05-22|FC Koln|Schalke 04,D1,Bundesliga,2020,2021-05-22,2021-05-22 13:30:00,FC Koln,Schalke 04,1,0,1.98992,0.337227,1.98992,0.337227,3.2812,17.0625,11,1,2.5665,0.2772,1
D1|2021-05-22|Hoffenheim|Hertha,D1,Bundesliga,2020,2021-05-22,2021-05-22 13:30:00,Hoffenheim,Hertha,2,1,1.90885,1.60949,1.90885,1.60949,12.6957,22.0714,19,4,1.5484,1.1970999999999998,1
D1|2021-05-22|Stuttgart|Bielefeld,D1,Bundesliga,2020,2021-05-22,2021-05-22 13:30:00,Stuttgart,Bielefeld,0,2,0.844397,1.52995,0.844397,0.772171,4.6842,18.0833,5,10,0.7593,1.9698,1
D1|2021-05-22|Union Berlin|RB Leipzig,D1,Bundesliga,2020,2021-05-22,2021-05-22 13:30:00,Union Berlin,RB Leipzig,2,1,1.05622,2.4444,1.05622,2.4444,12.8276,9.0000,4,7,0.5058,2.3133,1
D1|2021-05-22|Werder Bremen|M'gladbach,D1,Bundesliga,2020,2021-05-22,2021-05-22 13:30:00,Werder Bremen,M'gladbach,2,4,1.88004,1.99606,1.88004,1.99606,9.2927,10.0769,10,7,1.2965000000000002,1.4663000000000002,1
D1|2021-05-22|Wolfsburg|Mainz,D1,Bundesliga,2020,2021-05-22,2021-05-22 13:30:00,Wolfsburg,Mainz,2,3,1.30713,1.57286,1.30713,1.57286,5.8148,11.7308,7,6,1.1494,1.5874000000000001,1
